source_file,index,Anzahl,Art-Nr,Bezeichnung,Preis,Betrag,Pos
1_Invoice_fields.json,1,20 M,100028956,"Streng duct PP-HM Sickerrohr SN4
Ø150mm L5m",11.20,224.00,10
1_Invoice_fields.json,2,15M,100028908,"Streng duct PP-HM Kanalrohr SN4
Ø160mm L5m",10.70,160.50,20
1_Invoice_fields.json,3,5M,100028904,"Streng duct PP-HM Kanalrohr SN4
Ø110mm L5m",5.10,25.50,30
1_Invoice_fields.json,4,4 ST,100028552,"Streng duct PP-HM Abzweiger 45°
SN8 (SN12) Ø160/110mm",21.00,84.00,40
1_Invoice_fields.json,5,6 ST,100028387,"Streng duct PP-HM Bogen 45° SN8
(SN12)
Ø160mm",8.50,51.00,50
1_Invoice_fields.json,6,4 ST,100028741,"Streng duct PP-HM Überschiebemuffe
SN8 (SN12) Ø160mm",7.80,31.20,60
1_Invoice_fields.json,7,2 ST,100093496,"PP Schachtfutter Grip
Ø160mm inkl. Dichtung",14.00,28.00,70
1_Invoice_fields.json,8,2 ST,100059389,"Streng duct PP-HM Muffendeckel
Ø160mm",4.50,9.00,80
1_Invoice_fields.json,9,3 ST,100028708,"Streng duct PP-HM Überschiebemuffe
SN8 (SN12) Ø110mm",3.20,9.60,90
1_Invoice_fields.json,10,5 ST,100028383,"Streng duct PP-HM Bogen 45° SN8
(SN12)
Ø110mm",3.80,19.00,100
1_Invoice_fields.json,11,2 ST,100028351,"Streng duct PP-HM Bogen 30° SN8
(SN12)
Ø110mm",3.80,7.60,110
1_Invoice_fields.json,12,2 ST,100028269,"Streng duct PP-HM Bogen 15° SN8
(SN12)
Ø110mm",3.80,7.60,120
1_Invoice_fields.json,13,2 KRT,100114087,"MAXIMUM Gleitmittel für PE, PP & PVC
Tube à 500ml",6.60,13.20,130
1.1_Invoice_fields.json,1,80 BD,100036892,"Rapido Drahtbinder geschweisst
10cm 1000St. (20 Bd/Sack)",14.70,1'176.00,10
1.1_Invoice_fields.json,2,30 BD,100036898,"Rapido Drahtbinder geschweisst
16cm 1000St. (15 Bd/Sack)",19.30,579.00,20
1.1_Invoice_fields.json,3,12 ST,100122606,"MAXIMUM Schalungsschaum grau
750ml B3",12.00,144.00,30
1.1_Invoice_fields.json,4,34.1 M,100068986,"Zembord 25 Abschalung
250mm L1.10m",20.00,682.00,40
1.1_Invoice_fields.json,5,1 ST,500000053,"Palette SBB, 120x80cm",21.00,21.00,999
1.1_Invoice_fields.json,6,40 BD,100036894,"Rapido Drahtbinder geschweisst
12cm 1000St. (20 Bd/Sack)",15.10,604.00,10
1.1_Invoice_fields.json,7,40 BD,100036896,"Rapido Drahtbinder geschweisst
14cm 1000St. (20 Bd/Sack)",17.80,712.00,20
1.2_Invoice_fields.json,1,1.056 TS,100105956,"Kalksandstein K 18
18x14x25cm",1'990.00,2'101.44,10
1.2_Invoice_fields.json,2,1 ST,200000036,Transportkosten,266.11,266.11,20
1.2_Invoice_fields.json,3,1.2 TS,100105949,"Kalksandstein K 15
14.5x14x25cm",1'576.00,1'891.20,30
1.2_Invoice_fields.json,4,1 ST,200000036,Transportkosten,240.00,240.00,40
1.2_Invoice_fields.json,5,0.4 TS,100105951,"Kalksandstein K 15
14.5x14x12cm 1/2 Stein",1'304.00,521.60,50
1.2_Invoice_fields.json,6,1 ST,200000036,Transportkosten,47.20,47.20,60
1.2_Invoice_fields.json,7,0.48 TS,100105954,"Kalksandstein K 15
14.5x6.5x25cm",1'364.00,654.72,70
1.2_Invoice_fields.json,8,1 ST,200000036,Transportkosten,56.64,56.64,80
1.2_Invoice_fields.json,9,0.16 TS,100105955,"Kalksandstein K 15
14.5x9x25cm",1'650.00,264.00,90
1.2_Invoice_fields.json,10,1 ST,200000036,Transportkosten,20.80,20.80,100
1.2_Invoice_fields.json,11,26 ST,500000053,"Palette SBB, 120x80cm",25.00,650.00,110
1.2_Invoice_fields.json,12,1 ST,200000028,Energiezuschlag,143.00,143.00,120
1.2_Invoice_fields.json,13,1.68 TS,100105949,"Kalksandstein K 15
14.5x14x25cm",1'576.00,2'647.68,10
1.2_Invoice_fields.json,14,1 ST,200000036,Transportkosten,336.00,336.00,20
1.2_Invoice_fields.json,15,14 ST,500000053,"Palette SBB, 120x80cm",25.00,350.00,30
1.2_Invoice_fields.json,16,1 ST,200000026,Kleinmengenzuschlag,180.00,180.00,40
1.2_Invoice_fields.json,17,14 ST,200000028,Energiezuschlag,5.50,77.00,50
1.2_Invoice_fields.json,18,1.92 TS,900000201,Kalksandstein K 18,1'990.00,3'820.80,10
1.2_Invoice_fields.json,19,1 ST,200000036,Transportkosten,483.84,483.84,20
1.2_Invoice_fields.json,20,0.32 TS,900000201,K 18/14 halber Stein,1'648.00,527.36,30
1.2_Invoice_fields.json,21,1 ST,200000036,Transportkosten,46.72,46.72,40
1.2_Invoice_fields.json,22,0.384 TS,100105961,"Kalksandstein K 18
18x6.5x25cm",1'731.00,664.70,50
1.2_Invoice_fields.json,23,1 ST,200000036,Transportkosten,45.31,45.31,60
1.2_Invoice_fields.json,24,0.256 TS,100105962,"Kalksandstein K 18
18x9x25cm",2'197.00,562.43,70
1.2_Invoice_fields.json,25,1 ST,200000036,Transportkosten,41.98,41.98,80
1.2_Invoice_fields.json,26,12.9 M,100014020,"Betonsturz 6.5/18cm
L129cm",46.80,603.72,90
1.2_Invoice_fields.json,27,1 ST,200000036,Transportkosten,44.51,44.51,100
1.2_Invoice_fields.json,28,7.74 M,100013866,"Betonsturz 6.5/14.5cm
L129cm",41.70,322.76,110
1.2_Invoice_fields.json,29,1 ST,200000036,Transportkosten,23.61,23.61,120
1.2_Invoice_fields.json,30,27 ST,500000053,"Palette SBB, 120x80cm",25.00,675.00,130
1.2_Invoice_fields.json,31,26 ST,200000028,Energiezuschlag,5.50,143.00,140
1.2_Invoice_fields.json,32,36 HM1,100013055,"Drunterfix mit Aussparung (verstärkt)
30mm L200cm 50St.",59.00,2'124.00,10
1.2_Invoice_fields.json,33,1.2 HM1,100082241,"Dreikantleiste Tanne
50x50mm L250cm 12St.",224.00,268.80,40
1.2_Invoice_fields.json,34,25 M2,100038315,"Schaumstoffplatte EPS 20kg/m3
10mm 100x50cm 50St.",1.70,42.50,80
1.2_Invoice_fields.json,35,100 KG,100087832,"SikaGrout-314 N
Vergussmörtel 25kg",1.10,110.00,90
1.2_Invoice_fields.json,36,1 ST,500000053,"Palette SBB, 120x80cm",21.00,21.00,999
1.2_Invoice_fields.json,37,1 ST,500000053,"Palette SBB, 120x80cm",21.00,21.00,999
1.2_Invoice_fields.json,38,60 BD,100036894,"Rapido Drahtbinder geschweisst
12cm 1000St. (20 Bd/Sack)",15.10,906.00,20
1.2_Invoice_fields.json,39,60 BD,100036896,"Rapido Drahtbinder geschweisst
14cm 1000St. (20 Bd/Sack)",17.80,1'068.00,30
1.2_Invoice_fields.json,40,25 KG,100131745,"MAXIMUM Nagel flach
2.8x70mm 2.5kg",1.20,30.00,50
1.2_Invoice_fields.json,41,25 KG,100131747,"MAXIMUM Nagel flach
3.5x90mm 2.5kg",1.20,30.00,60
1.2_Invoice_fields.json,42,12 ST,100111926,"Profix Injektionsmörtel PIT+ 300
inkl. 2 Mischer pro Kartusche",9.90,118.80,70
2_Invoice_fields.json,1,24.50,2025-40(2).83956,Tarif,52.50,1'286.25,
2_Invoice_fields.json,2,2.00,2025-40(2).83956,Mittagessenentschädigung,16.00,32.00,
2_Invoice_fields.json,3,32.00,2025-41(1).83956,Tarif,52.50,1'680.00,
2_Invoice_fields.json,4,4.00,2025-41(1).83956,Mittagessenentschädigung,16.00,64.00,
2_Invoice_fields.json,5,38.50,2025-42(1).83956,Tarif,52.50,2'021.25,
2_Invoice_fields.json,6,4.00,2025-42(1).83956,Mittagessenentschädigung,16.00,64.00,
2.1_Invoice_fields.json,1,28.00,2025-48(1).86160,Tarif,52.50,1'470.00,
2.1_Invoice_fields.json,2,3.00,2025-48(1).86160,Mittagessenentschädigung,16.00,48.00,
2.2_Invoice_fields.json,1,38.50,2025-48(1).87296,Tarif,55.90,2'152.15,
2.2_Invoice_fields.json,2,5.00,2025-48(1).87296,Mittagessenentschädigung,16.00,80.00,
3_Invoice_fields.json,1,1.000,Massschachtunterteil,"CreaBau CENTUB
mit integrierter Dichtung NW 100 - 200
DN 1000 H 875 mm h1 675 mm W 210 mm",,,
3_Invoice_fields.json,2,1.000,E.28.140.1465.39332,"CreaBau Zuschlag CENTUB Massschachtunterteil
zusätzlicher Leitungsanschluss DN 200, inkl. Dichtung",218.00 218.00,117.72,10.00
3_Invoice_fields.json,3,1.000,E.28.140.1465.16460,"CreaBau CENTUB Schachtringe unbewehrt FK 60 exkl.
Keilgleitdichtung, inkl. Kugelkopftraganker, DN 1000 H 1000
mm, W 120 mm",630.00 630.00,340.20,15.00
3_Invoice_fields.json,4,1.000,E.28.160.1465.20585,"CreaBau CENTUB RIKO Schachtring mit Konus
inkl. Kugelkopftraganker
DN 1000 D 600 mm, H 500 mm, W 120 mm",625.00 625.00,337.50,20.00
3_Invoice_fields.json,5,2.000,E.28.140.1465.16012,"CreaBau CENTUB
Keilgleitdichtung DN 1000",53.00 106.00,57.24,25.00
3_Invoice_fields.json,6,3.000,E.28.150.1465.18492,"CreaBau Dachwasserschacht Typ TB Einlauf oben, exkl.
Deckel, mit Aussparung für Tauchbogen d1 16 cm
D 30 cm, H 68 cm, W 4 cm
6 Stk/Palette",105.00 315.00,179.55,30.00
3_Invoice_fields.json,7,1.000,E.14.990.1465.16000,CreaBau CENTUB Gleitmittel Kessel zu 2 kg,51.00 51.00,38.25,35.00
3_Invoice_fields.json,8,3.000,E.99.200.1465.26888,"CreaBau Kugelkopfkupplungen für Traganker Traglast 1.3 to,
Depotgebühr",130.00 390.00,390.00,40.00
3_Invoice_fields.json,9,3.000,E.99.200.1465.26900,"CreaBau Kugelkopfkupplungen für Traganker Traglast 2.5 to,
Depotgebühr",130.00 390.00,390.00,45.00
3_Invoice_fields.json,10,4.000,B.99.700.1465.74935,Palette Creabeton,20.00 80.00,80.00,50.00
3_Invoice_fields.json,11,4.260,E.99.150.1465.40930,CreaBau Kranablad < 2 to / Stk pro Tonne,15.00 63.90,63.90,55.00
3_Invoice_fields.json,12,,CreaBau,Transportkostenanteil 3 bis 8 to,,,
3.1_Invoice_fields.json,1,,CreaBau GRISON,"Rasengitterstein mit Nocken grau glatt L
60.2 cm, B 40.2 cm, H 10 cm 7.68 m2/Palette",,,
3.1_Invoice_fields.json,2,4.000,B.99.700.1465.74935,Palette Creabeton,Pal 20.00,80.00,10.00
3.1_Invoice_fields.json,3,4.450,E.99.150.1465.40930,CreaBau Kranablad < 2 to / Stk pro Tonne,to 15.00,66.75,15.00
3.1_Invoice_fields.json,4,,CreaBau,Transportkostenanteil 3 bis 8 to,,,
3.3_Invoice_fields.json,1,1.000,B.10.990.1213.10969,,772.75,772.75,5.00
